{"LE": [0.16154450457779207, -0.05577422014875062, -0.016075011887754443, 0.009791521952202023, -0.0009190896380784929, -0.0003490049819431817, 0.00010374822649324793, -2.34559126495677e-05, 0.09381934714890033, -0.059131257722838684, -0.0013878057028626995, 0.009499030164342559, -0.0024831636130092376, 8.087385608780272e-05, 0.00019934213300268743, -0.00010291094029833639, 0.016075208006852797, -0.029359401320491578, 0.005518081247557842, 0.0034256867495522703, -0.0016053573414154807, 0.0006723598386100667, 5.3574079958767e-05, -0.0001520818537085985, 0.0004641469477391738, -0.009489981208485716, 0.004946129333529221, -0.000322665664926924, -0.0009446032275192576, 0.0008926729881596567, -4.888835419496659e-05, -0.0001485946666261045, -0.0009221115728443504, -0.0017654206108292851, 0.0016312435678156652, -0.0011610629222192734, -5.4249440082580405e-05, 0.0007282093641759111, -0.00011086258663320285, -0.00012188548818014678, -0.0004985003843535576, 8.171041720597325e-05, 0.0005741644284864149, -0.0009469518043711812, 0.0001864965552538836, 0.00042341074915790036, -0.0001315919222302202, -5.2699582202943284e-05, -0.00010301661444263489, 0.00032800462950707235, -7.830808417698925e-05, -0.000484183588258854, 0.0002168334695299124, 3.167246463225037e-05, -5.258007438817073e-05, 5.231048249685922e-05, -2.0373992810626207e-05, 0.0001577989578299635, -0.00011335924383423451, -0.0001365473970363483, 0.00014916493957696451, -7.366527015071901e-05, -2.8922591009243693e-05, 5.0887173591859246e-05], "UW": [0.16154454055071651, 0.05577422015538681, -0.016075020722504517, -0.009791522011849811, -0.0009190883922679848, 0.0003490051329877396, 0.00010374824306580853, 2.3456016419872678e-05, -0.09381937148865718, -0.05913125811363726, 0.0013878159352721706, 0.009499034807077278, 0.002483159582355726, 8.086359285811646e-05, -0.00019934046709115793, -0.00010290450346934669, 0.016075216857795928, 0.02935940107257066, 0.005518073164618573, -0.003425687853948392, -0.0016053529005140806, -0.0006723558360210556, 5.356875825705097e-05, 0.00015207437604007146, -0.00046415006154584056, -0.009489977750461422, -0.004946130385275172, -0.0003226940945999891, 0.0009446177718659974, 0.0008927317079511897, 4.8878393815197814e-05, -0.00014862713742175567, -0.0009221102513227483, 0.0017654218137776478, 0.0016312408502792875, 0.0011610614043445471, -5.4249943134205115e-05, -0.0007282116241682021, -0.00011085125813713348, 0.00012190169479220233, 0.0004984996736616157, 8.170292314737771e-05, -0.0005741504187299343, -0.0009468940850022913, -0.000186536264136286, 0.0004232949010054604, 0.00013161517022551044, -5.2641018093248436e-05, -0.00010301654123111482, -0.00032800606614008044, -7.830698578227241e-05, 0.00048418929046088093, 0.00021683115390354362, -3.168052602516538e-05, -5.258559794891935e-05, -5.231578313816614e-05, 2.0374185541531397e-05, 0.00015780417410252436, 0.00011334995023400136, -0.0001365858187091609, -0.00014913677424544495, -7.358906723500916e-05, 2.8906099882683637e-05, 5.084957789415677e-05], "UP": [0.17691105244655908, 0.1130023377416923, 0.03215000863154898, 0.008293600836870628, 0.0018381813133366474, -5.966185007549678e-05, -0.00020749667098217953, -4.107553885491116e-05, 3.036208033719233e-08, -2.0537895391806187e-09, -1.1982365673303765e-08, -6.011480572175311e-10, 2.304889822824878e-09, 2.7065449400018323e-09, 3.459994303862843e-10, -1.496088084490928e-09, -0.03215040080229516, -0.0248753856186128, -0.011036175817711021, 0.0005678200625212301, 0.0032107193528623517, 0.0009890225800469727, -0.00010714820816483568, -0.00011173212753583268, 4.183872266712803e-09, -1.0784508855442526e-09, -7.74168358454188e-09, 2.970845039552003e-09, 1.085922445725292e-08, -2.9328862797200144e-09, -1.183260508183727e-08, -2.8129413548842774e-09, 0.0018442247557553643, -0.00029479550087762885, -0.0032624862560433894, -0.0017383992555466121, 0.00010849131014096955, 0.0004404677289283478, 0.00022172747463116465, 1.5728498486917196e-05, -9.595060287622728e-12, -2.890018542689731e-11, 6.8416650654657795e-09, 2.259434925958938e-09, -2.546812300028832e-08, -1.0614935278984438e-08, 2.950128002863879e-08, 1.731611372945808e-08, 0.00020603396791192725, 0.00036392331467426255, 0.00015661093395226555, -9.677307900918765e-05, -0.00043365745765920296, -0.0002402867625476462, 0.0001051565680883546, 8.223274110724604e-05, 4.1217674670334985e-10, -1.6240815859990632e-10, -5.04486221038228e-09, -1.6539167706836932e-09, 1.538336560228679e-08, 7.64811552793396e-09, -1.723557498168866e-08, -1.1185319013706116e-08], "LW": [0.16154454064190066, -0.05577422018271394, -0.016075020714485664, 0.00979152208428362, -0.0009190882841752393, -0.0003490053391366408, 0.0001037479917929587, -2.3455798325444832e-05, -0.09381937288923753, 0.05913125816306569, 0.0013878160202271642, -0.009499034440140984, 0.002483160133191092, -8.086427967364792e-05, -0.00019933988315556296, 0.00010290445689020116, 0.01607521672251725, -0.0293594007475755, 0.005518074377946568, 0.0034256841646804486, -0.0016053574324147422, 0.000672365146204573, 5.357629791394073e-05, -0.00015208238167771707, -0.00046415005892071513, 0.00948997780875702, -0.004946128256948581, 0.00032269384769065653, 0.0009446153420746361, -0.0008927334665709303, 4.8869773277927255e-05, 0.00014863306982245303, -0.0009221099462203409, -0.0017654227279450406, 0.001631238494981357, -0.0011610508140302582, -5.42406036172307e-05, 0.0007281846857674641, -0.00011087114002891994, -0.00012187846656061488, 0.0004984991207957039, -8.170280478271035e-05, -0.0005741546816281067, 0.0009468935465768097, -0.000186528684245845, -0.0004232883526107347, 0.0001316332163616971, 5.262581897910117e-05, -0.00010301677685599985, 0.0003280066519587641, -7.830567392432557e-05, -0.00048419600314336355, 0.00021682569832320606, 3.169797595353185e-05, -5.2572259638697434e-05, 5.2300431485891854e-05, 2.037459411156648e-05, -0.00015780421792447496, 0.00011335314283528086, 0.00013658544471842202, -0.00014914405432031548, 7.358655564204146e-05, 2.889683182578978e-05, -5.08411058626292e-05], "LP": [0.1769108583111478, -0.11300233770247367, 0.03215005631196866, -0.00829360092263415, 0.001838174499435679, 5.966206295711227e-05, -0.00020749582331774103, 4.107535362663207e-05, 2.1643570318580368e-08, 1.9697400853915804e-09, -8.712103870886861e-09, 1.3029694166059537e-09, 2.7327988641328125e-09, -4.775619909926162e-09, -1.5067169669450285e-09, 3.6701345094054313e-09, -0.032150448444199106, 0.02487538557778107, -0.011036136242757144, -0.0005678177731338406, 0.0032107110591528196, -0.0009890298970593307, -0.00010715082733407602, 0.00011173835740383975, 2.77430000744674e-09, 2.4053104851399158e-09, -2.0051630690972804e-09, -1.4868854958016052e-08, -5.769660230850936e-09, 3.292810194932501e-08, 9.12793587583195e-09, -2.3607987116920528e-08, 0.0018442180249800307, 0.00029479576564222024, -0.0032624718878636076, 0.001738392884525156, 0.00010847643912817647, -0.00044044693855351924, 0.0002217403499707111, -1.574711099884789e-05, 5.826213789953158e-10, -3.09016251132653e-09, -4.157377517301144e-09, 2.6962299752081748e-08, 1.428198567785317e-08, -6.275738803546587e-08, -1.7565623861512766e-08, 4.4282372918386836e-08, 0.00020603304050123797, -0.00036392335121021807, 0.00015661140469484103, 9.677761837605469e-05, -0.00043364989054145143, 0.00024027044255627128, 0.00010514678208628661, -8.221780731079058e-05, -1.3957894986301023e-10, 2.239012314658015e-09, 2.09949603195833e-09, -1.615664680705538e-08, -8.799525164624912e-09, 3.589508996959376e-08, 1.030158673973331e-08, -2.4524668761975443e-08],